meaningful.unique,BCO2,First.year.min,first.year.surv
03Dap16041,A/A,1991,0
03Dap16047,G/A,1991,0
03Dap16051,G/A,1991,0
03Dap16057,G/A,1991,0
03Dap16070,G/A,1991,0
03Dap16071,G/A,1991,0
03Dap16073,G/A,1991,0
03Dap16074,G/A,1991,0
03Dap16075,G/A,1991,0
03Dap16076,G/G,1991,1
03Dap16077,G/A,1991,0
03Dap16078,G/A,1991,0
03Dap16079,A/A,1991,1
03Dap16080,G/G,1991,0
03Dap16107,G/A,1991,1
03Dap16109,G/A,1991,1
03Dap16113,G/A,1991,1
03Dap16114,G/A,1991,1
03Dap16181,G/A,1991,1
03Dap16183,A/A,1991,1
03Dap16358,G/G,1991,1
03Dap16359,G/G,1991,0
03Dap16370,A/A,1991,1
03Dap16376,G/A,1991,1
03Dap16389,A/A,1991,0
03Dap16543,G/A,1991,0
03Dap16556,G/A,1991,0
03Dap16584,A/A,1991,1
03Dap16585,A/A,1991,1
03Dap16586,A/A,1991,0
03Dap16587,A/A,1991,1
03Dap16600,G/G,1991,1
03Dap16843,G/A,1991,1
03Dap16849,G/A,1991,0
03Dap16850,A/A,1991,0
03Dap16854,G/A,1991,1
03Dap16865,G/A,1991,1
03Dap16867,G/A,1991,1
03Dap16873,G/A,1991,1
03Dap16879,G/A,1991,1
03Dap17041,A/A,1991,0
03Dap17056,G/A,1991,0
03Dap17058,G/A,1991,0
03Dap17143,G/G,1991,1
03Dap17149,G/A,1991,0
03Dap17153,A/A,1991,1
03Dap17176,G/A,1991,1
03Dap17177,G/A,1991,0
03Dap17178,G/A,1991,0
03Dap17183,G/A,1991,0
03Dap17196,A/A,1991,1
03Dap17353,G/G,1991,1
03Dap17356,G/G,1991,0
03Dap17357,G/A,1991,0
03Dap17365,G/A,1991,0
03Dap17368,G/G,1991,0
03Dap17370,G/A,1991,1
03Dap17377,A/A,1991,0
03Dap17383,G/A,1991,0
03Dap17385,G/A,1991,0
03Dap17449,A/A,1991,1
03Dap17450,G/A,1991,0
03Dap17451,G/A,1991,0
03Dap17453,A/A,1991,1
03Dap17471,G/G,1991,0
03Dap17474,A/A,1991,1
03Dap17475,A/A,1991,1
03Dap17476,A/A,1991,0
03Dap17477,G/A,1991,1
03Dap17478,G/A,1991,0
03Dap17487,G/A,1991,0
03Dap17488,G/A,1991,0
03Dap17504,G/A,1991,1
03Dap17505,G/A,1991,1
03Dap17509,G/A,1991,0
03Dap17543,G/A,1991,1
03Dap17547,A/A,1991,1
03Dap17555,G/G,1991,1
03Dap17575,G/G,1991,1
03Dap17578,G/A,1991,1
03Dap17606,G/G,1991,0
03Dap17607,G/A,1991,0
03Dap17657,G/A,1991,1
03Dap17658,G/G,1991,1
03Dap17673,G/A,1991,1
03Dap17674,G/G,1991,1
03Dap17675,G/A,1991,1
03Dap17684,A/A,1991,1
03Dap17685,G/A,1991,1
03Dap17761,A/A,1991,1
03Dap17763,A/A,1991,1
03Dap17764,A/A,1991,1
03Dap17901,G/A,1991,1
03Dap17903,G/A,1991,1
03Dap17904,G/A,1991,1
03Dap17956,G/A,1991,1
03Dap17957,G/A,1991,1
03Dap17958,G/A,1991,1
03Dap17963,G/G,1991,1
03Dap17973,G/A,1991,0
03Dap17975,G/A,1991,1
03Dap17978,G/G,1991,0
03Dap17994,G/G,1991,0
03Dap17841,G/A,1998,1
03Dap17845,G/A,1998,1
03Dap17851,G/A,1998,1
03Dap17856,A/A,1998,0
03Dap17858,G/A,1998,0
03Dap17860,A/A,1998,0
03Dap18117,A/A,1998,0
03Dap18133,G/A,1998,1
03Dap18134,G/G,1998,1
03Dap18160,G/A,1998,0
03Dap18161,A/A,1998,0
03Dap18163,A/A,1998,0
03Dap18164,A/A,1998,1
03Dap18168,A/A,1998,1
03Dap18170,A/A,1998,0
03Dap18171,G/A,1998,0
03Dap18175,A/A,1998,0
03Dap18176,A/A,1998,1
03Dap18177,A/A,1998,1
03Dap18194,G/A,1998,0
03Dap18195,A/A,1998,0
03Dap18196,G/A,1998,0
03Dap18197,G/A,1998,0
03Dap18318,G/A,1998,1
03Dap18319,G/A,1998,1
03Dap18391,G/G,1998,0
03Dap18431,A/A,1998,0
03Dap18481,A/A,1998,0
03Dap18516,G/A,1998,0
03Dap18517,G/A,1998,1
03Dap18591,A/A,1998,0
03Dap18593,A/A,1998,1
03Dap18598,A/A,1998,0
03Dap18599,G/A,1998,0
03Dap18614,G/A,1998,0
03Dap18651,A/A,1998,0
03Dap18661,A/A,1998,0
03Dap18715,G/A,1998,1
03Dap18716,G/A,1998,1
03Dap18717,G/A,1998,0
03Dap18719,A/A,1998,1
03Dap18751,G/G,1998,0
03Dap18757,G/A,1998,1
03Dap18761,G/G,1998,1
03Dap18776,G/G,1998,0
03Dap18791,G/G,1998,0
03Dap18801,G/A,1998,0
03Dap18809,G/G,1998,1
03Dap18810,G/G,1998,0
03Dap18814,G/A,1998,1
03Dap18818,G/A,1998,0
03Dap18819,G/G,1998,0
03Dap18869,G/A,1998,1
03Dap18870,G/A,1998,1
03Dap18871,G/G,1998,1
03Dap18880,A/A,1998,0
03Dap18887,A/A,1998,0
03Dap18888,A/A,1998,0
03Dap18889,A/A,1998,0
03Dap18909,G/A,1998,1
03Dap18916,G/A,1998,0
03Dap18917,G/A,1998,1
03Dap18918,G/A,1998,1
03Dap18919,G/G,1998,0
03Dap18943,G/G,1998,0
03Dap18947,G/G,1998,0
03Dap18948,A/A,1998,0
03Dap18949,G/A,1998,0
03Dap18951,G/A,1998,0
03Dap18954,G/A,1998,0
03Dap18955,G/A,1998,0
03Dap18956,G/A,1998,0
03Dap18957,G/A,1998,0
03Dap18964,G/A,1998,0
03Dap18968,G/G,1998,0
03Dap18969,G/G,1998,0
03Dap18971,G/A,1998,0
03Dap19199,G/G,1998,1
03Dap19606,G/G,1998,1
03Dap19666,A/A,1998,1
